,小型車日間(元/時或次）,小型車夜間(元/時),小型車假日與特殊日(元/時）,小型車月租(元/月),機車單次(元/時或次),機車月租(元/月),大型重型機車月租(元/月)
1,,,,4000.00 ,20.00 ,300.00 ,
2,100.00 ,,,10000.00 ,,,
3,70.00 ,40.00 ,100.00 ,6200.00 ,,,
4,30.00 ,,,,,,
5,150.00 ,,,,,,
6,,10.00 ,60.00 ,3600.00 ,,,
7,50.00 ,10.00 ,60.00 ,4800.00 ,20.00 ,300.00 ,
8,40.00 ,20.00 ,,6000.00 ,,,
9,40.00 ,30.00 ,,2000.00 ,,,
10,50.00 ,,,,,,
11,20.00 ,10.00 ,30.00 ,4000.00 ,20.00 ,300.00 ,
12,50.00 ,10.00 ,60.00 ,4800.00 ,,,
13,150.00 ,,,,,,
14,100.00 ,,,,,,
15,100.00 ,,,,,,
16,40.00 ,,,,,,
17,80.00 ,,,10000.00 ,,,
18,40.00 ,,60.00 ,,,,
19,100.00 ,,,9000.00 ,,,
20,120.00 ,,,8000.00 ,,,
21,120.00 ,,,12000.00 ,,,
22,70.00 ,,,6300.00 ,,,
23,120.00 ,,,,,,
24,150.00 ,,,10000.00 ,,,
25,100.00 ,,,,,,
26,80.00 ,,,,,,
27,100.00 ,,,10000.00 ,,,
28,70.00 ,,,10000.00 ,60.00 ,,
29,150.00 ,,,10000.00 ,,,
30,200.00 ,,,8000.00 ,,,
31,40.00 ,20.00 ,60.00 ,5500.00 ,,,
32,80.00 ,,,8000.00 ,,,
33,60.00 ,,,6000.00 ,,,
34,60.00 ,,,7500.00 ,,,
35,50.00 ,30.00 ,,6500.00 ,,,
36,100.00 ,,,8000.00 ,,,
37,100.00 ,,,8800.00 ,,,
38,40.00 ,,,3500.00 ,20.00 ,,
39,150.00 ,,,10000.00 ,,,
40,150.00 ,,,15000.00 ,,,
41,200.00 ,,,,,,
42,120.00 ,,,10000.00 ,,,
43,80.00 ,,,10000.00 ,,,
44,100.00 ,,,10000.00 ,,,
45,40.00 ,10.00 ,,,,,
46,100.00 ,,,10000.00 ,30.00 ,3000.00 ,
47,40.00 ,10.00 ,,,,,
48,100.00 ,,,10000.00 ,,,
49,40.00 ,20.00 ,,,,,
50,40.00 ,,50.00 ,4800.00 ,10.00 ,300.00 ,2400.00 
51,120.00 ,,,12000.00 ,,,
52,80.00 ,,,8000.00 ,,,
53,30.00 ,,,5760.00 ,,,
54,120.00 ,,,8000.00 ,50.00 ,,
55,30.00 ,,,5760.00 ,,,
56,200.00 ,,,10000.00 ,,,
57,40.00 ,10.00 ,50.00 ,4000.00 ,,,
58,100.00 ,10000.00 ,,10000.00 ,,,
59,50.00 ,,,,,,
60,160.00 ,,,10500.00 ,,,
61,40.00 ,20.00 ,,5200.00 ,,,
62,100.00 ,,,8000.00 ,,,
63,80.00 ,,,8000.00 ,,,
64,30.00 ,10.00 ,30.00 ,2000.00 ,,,
65,70.00 ,,,4800.00 ,,,
66,70.00 ,,,,,,
67,60.00 ,,,7000.00 ,,,
68,100.00 ,,,,,,
69,30.00 ,10.00 ,60.00 ,4200.00 ,,,
70,50.00 ,,,,,,
71,30.00 ,10.00 ,60.00 ,5760.00 ,,,2880.00 
72,40.00 ,20.00 ,,,,,
73,60.00 ,,,,,,
74,40.00 ,,50.00 ,4000.00 ,,,2000.00 
75,100.00 ,,,,,,
76,40.00 ,,,,,,
77,50.00 ,,,,,,
78,20.00 ,4800.00 ,,100.00 ,,,
79,100.00 ,,,8000.00 ,,,
80,30.00 ,10.00 ,,5000.00 ,,,2500.00 
81,180.00 ,,,8000.00 ,,,
82,100.00 ,,,10000.00 ,30.00 ,3000.00 ,
83,50.00 ,10.00 ,,6000.00 ,,,3000.00 
84,80.00 ,,,8000.00 ,,,
85,50.00 ,,,5400.00 ,,,
86,120.00 ,,,8000.00 ,,,
87,60.00 ,,,,,,
88,30.00 ,10.00 ,40.00 ,3500.00 ,20.00 ,300.00 ,
89,30.00 ,,,5250.00 ,,,
90,100.00 ,,120.00 ,8000.00 ,,,
91,20.00 ,,,4800.00 ,,,
92,20.00 ,10.00 ,40.00 ,4200.00 ,10.00 ,300.00 ,
93,30.00 ,10.00 ,,4200.00 ,10.00 ,300.00 ,
94,20.00 ,,,4800.00 ,,,
95,50.00 ,10.00 ,,5760.00 ,,,2880.00 
96,40.00 ,10.00 ,,4800.00 ,,,
97,30.00 ,20.00 ,20.00 ,3600.00 ,,,1800.00 
98,30.00 ,,,4200.00 ,20.00 ,,
99,20.00 ,10.00 ,30.00 ,3000.00 ,,,
100,30.00 ,10.00 ,40.00 ,3500.00 ,,,
101,30.00 ,10.00 ,,3500.00 ,,,
102,50.00 ,10.00 ,,5760.00 ,,,
103,,,,12000.00 ,,,
104,30.00 ,,,4800.00 ,,,2400.00 
105,30.00 ,,,4800.00 ,,,2400.00 
106,30.00 ,20.00 ,20.00 ,3600.00 ,,,1800.00 
107,100.00 ,,,,,,
108,100.00 ,,,10000.00 ,,,
109,50.00 ,30.00 ,,12000.00 ,,,
110,20.00 ,10.00 ,30.00 ,2500.00 ,,,
111,50.00 ,,,7000.00 ,,,
112,40.00 ,,,,,,
113,30.00 ,10.00 ,40.00 ,3500.00 ,20.00 ,300.00 ,
114,40.00 ,,,,,,
115,80.00 ,,,8000.00 ,,,
116,30.00 ,,,4800.00 ,,,
117,30.00 ,,,,,,
118,40.00 ,10.00 ,50.00 ,5760.00 ,,,
119,40.00 ,,,7500.00 ,,,
120,40.00 ,,,,,,
121,30.00 ,,,4500.00 ,0.00 ,,
122,30.00 ,,,3600.00 ,0.00 ,,
123,30.00 ,10.00 ,,4000.00 ,,,
124,20.00 ,10.00 ,,3840.00 ,,,
125,40.00 ,,,,,,
126,120.00 ,,,,20.00 ,,
127,20.00 ,,,,,,
128,30.00 ,,,2400.00 ,,,
129,100.00 ,,,,,,
130,30.00 ,,,7200.00 ,,,
131,120.00 ,,,,,,
132,150.00 ,,,10000.00 ,80.00 ,1200.00 ,
133,150.00 ,,,10000.00 ,80.00 ,1200.00 ,
134,50.00 ,70.00 ,70.00 ,8000.00 ,,,
135,120.00 ,,,,,,
136,50.00 ,20.00 ,,5000.00 ,,,
137,40.00 ,,,,,,
138,20.00 ,,,,,,
139,20.00 ,,,4800.00 ,,,
140,120.00 ,,,,20.00 ,,
141,50.00 ,,,6000.00 ,,,
142,50.00 ,,,6000.00 ,,,
143,100.00 ,,,4000.00 ,25.00 ,,
144,50.00 ,,,6000.00 ,,,
145,40.00 ,30.00 ,,4500.00 ,,,2000.00 
146,80.00 ,,,,,,
147,30.00 ,,,5000.00 ,,,
148,30.00 ,,,7200.00 ,,,
149,40.00 ,10.00 ,50.00 ,6500.00 ,,,
150,40.00 ,30.00 ,,5760.00 ,,,2880.00 
151,20.00 ,30.00 ,30.00 ,4500.00 ,,,
152,30.00 ,,,,20.00 ,,
153,80.00 ,,,,,,
154,20.00 ,,30.00 ,,20.00 ,,
155,30.00 ,,40.00 ,4800.00 ,,,
156,30.00 ,,,7200.00 ,,,
157,30.00 ,10.00 ,40.00 ,6500.00 ,,,
158,40.00 ,10.00 ,50.00 ,6500.00 ,,,
159,80.00 ,,,,,,
160,20.00 ,,,,,,
161,120.00 ,,,12000.00 ,,,
162,40.00 ,10.00 ,,4000.00 ,,,
163,30.00 ,,,7200.00 ,,,
164,40.00 ,,,,,,
165,100.00 ,,,5000.00 ,,,
166,30.00 ,,,,,,
167,30.00 ,,,,,,
168,80.00 ,,,12000.00 ,,,
169,80.00 ,,,2000.00 ,,200.00 ,
170,30.00 ,,,5250.00 ,,,2625.00 
171,20.00 ,,,4800.00 ,,,
172,120.00 ,,,,,,
173,80.00 ,,,1800.00 ,,,
174,30.00 ,,,,20.00 ,,
175,40.00 ,,,,,,
176,80.00 ,,,2000.00 ,,,
177,30.00 ,,,,,,
178,40.00 ,,,,,,
179,100.00 ,,,,,,
180,150.00 ,,,8000.00 ,,,
181,80.00 ,,,10000.00 ,10.00 ,300.00 ,
182,200.00 ,,,20000.00 ,,,
183,120.00 ,,,12000.00 ,,,
184,80.00 ,,,,,,
185,30.00 ,,,7200.00 ,,,
186,100.00 ,,,10000.00 ,,,
187,30.00 ,,,4500.00 ,,,
188,80.00 ,,,10000.00 ,,,
189,20.00 ,,,,,,
190,60.00 ,30.00 ,60.00 ,3000.00 ,,,
191,100.00 ,,,,,1000.00 ,
192,60.00 ,,,4000.00 ,,,
193,60.00 ,,,7000.00 ,20.00 ,,
194,60.00 ,,,7000.00 ,20.00 ,,
195,60.00 ,,,7000.00 ,20.00 ,,
196,60.00 ,20.00 ,,5500.00 ,,,
197,20.00 ,,,4800.00 ,,,
198,20.00 ,,,4800.00 ,,,
199,20.00 ,,,,,,
200,20.00 ,,,4800.00 ,,,
201,20.00 ,,,4800.00 ,,,
202,100.00 ,,,10000.00 ,,,
203,40.00 ,10.00 ,,3800.00 ,20.00 ,,
204,200.00 ,,,10000.00 ,,,
205,80.00 ,,,,,,
206,80.00 ,,,,,,
207,,,,4500.00 ,,,
208,100.00 ,,,6000.00 ,,,
209,20.00 ,,,4800.00 ,,,
210,,,,6000.00 ,,,
211,,,,3000.00 ,,,
212,60.00 ,,,7000.00 ,,,
213,60.00 ,,,8000.00 ,,,
214,50.00 ,,,5500.00 ,,,
215,120.00 ,,,15000.00 ,,,
216,200.00 ,,,,,,
217,,,,12000.00 ,,,
218,120.00 ,,,12000.00 ,,,
219,200.00 ,,,18000.00 ,,,
220,30.00 ,10.00 ,,5000.00 ,0.00 ,,
221,30.00 ,10.00 ,,5000.00 ,0.00 ,,
222,30.00 ,10.00 ,,5000.00 ,0.00 ,,
223,30.00 ,10.00 ,,5000.00 ,0.00 ,,
224,30.00 ,10.00 ,,5000.00 ,0.00 ,,
225,30.00 ,10.00 ,,5000.00 ,0.00 ,,
226,30.00 ,10.00 ,,5000.00 ,0.00 ,,
227,30.00 ,10.00 ,,5000.00 ,0.00 ,,
228,30.00 ,10.00 ,,5000.00 ,0.00 ,,
229,30.00 ,10.00 ,,5000.00 ,0.00 ,,
230,30.00 ,10.00 ,,5000.00 ,0.00 ,,
231,30.00 ,10.00 ,,5000.00 ,0.00 ,,
232,20.00 ,,,3000.00 ,20.00 ,300.00 ,
233,50.00 ,,60.00 ,5200.00 ,10.00 ,300.00 ,2600.00 
234,20.00 ,10.00 ,,2400.00 ,,,
235,20.00 ,,,4800.00 ,,,
236,30.00 ,,,7200.00 ,0.00 ,,
237,30.00 ,,,7200.00 ,,,
238,20.00 ,,,6000.00 ,0.00 ,,
239,20.00 ,,,3000.00 ,0.00 ,,
240,30.00 ,,,7200.00 ,,,
241,30.00 ,,,7200.00 ,0.00 ,,
242,50.00 ,10.00 ,10.00 ,7200.00 ,10.00 ,,
243,20.00 ,20.00 ,,,0.00 ,,
244,20.00 ,,,4800.00 ,,,
245,20.00 ,,,3600.00 ,,,
246,20.00 ,,,,,,
247,100.00 ,,,7500.00 ,,,
248,40.00 ,,,4500.00 ,,,
249,40.00 ,20.00 ,,8000.00 ,,,
250,80.00 ,,,10000.00 ,,,
251,200.00 ,,,20000.00 ,,,
252,140.00 ,,,,,,
253,60.00 ,,,,,,
254,40.00 ,,50.00 ,4000.00 ,,,
255,150.00 ,,,15000.00 ,,,
256,30.00 ,,,8000.00 ,10.00 ,400.00 ,
257,50.00 ,,,,,,
258,50.00 ,,,,10.00 ,,
259,70.00 ,,,,,,
260,100.00 ,,,,,,
261,120.00 ,,,12000.00 ,,,
262,100.00 ,,,10000.00 ,,,
263,80.00 ,,,,,,
264,,,,10000.00 ,,,
265,100.00 ,120.00 ,,,20.00 ,,
266,150.00 ,,,8000.00 ,,,
267,,,,10000.00 ,,1200.00 ,
268,150.00 ,,,8000.00 ,,,
269,150.00 ,,,8000.00 ,,,
270,150.00 ,,,8000.00 ,,,
271,40.00 ,,,,20.00 ,,
272,30.00 ,,,6500.00 ,,,
273,80.00 ,,,7000.00 ,,,
274,140.00 ,,,,,,
275,180.00 ,,,15000.00 ,,,
276,180.00 ,,,15000.00 ,,,
277,100.00 ,,,10000.00 ,,,
278,30.00 ,,,7200.00 ,,,
279,40.00 ,,,,20.00 ,3000.00 ,
280,60.00 ,,,,,,
281,180.00 ,,,8000.00 ,,,
282,60.00 ,,,,,,
283,150.00 ,,,10000.00 ,,,
284,120.00 ,,,,20.00 ,,
285,30.00 ,10.00 ,,5200.00 ,,,
286,50.00 ,,,,,,
287,30.00 ,,,,,,
288,40.00 ,,,,,,
289,100.00 ,,,10000.00 ,,,
290,30.00 ,,,3000.00 ,,,
291,100.00 ,,,10000.00 ,,,
292,80.00 ,,,8000.00 ,,,
293,80.00 ,,,6000.00 ,,,
294,180.00 ,,,15000.00 ,,,
295,,,,3500.00 ,,,
296,150.00 ,,,10000.00 ,,,
297,20.00 ,,,4800.00 ,,,
298,200.00 ,,,,,,
299,50.00 ,60.00 ,,6500.00 ,20.00 ,,
300,50.00 ,60.00 ,,6500.00 ,,,
301,60.00 ,,,4500.00 ,,,
302,30.00 ,,,4800.00 ,20.00 ,300.00 ,
303,50.00 ,,,,,,
304,80.00 ,,,7000.00 ,,,
305,50.00 ,,,6000.00 ,,,
306,80.00 ,,,,,,
307,120.00 ,,,,,,
308,80.00 ,,,10000.00 ,50.00 ,,
309,120.00 ,,,12000.00 ,,,
310,80.00 ,,,,,,
311,80.00 ,,,,,,
312,20.00 ,,,4800.00 ,,,
313,30.00 ,,,,30.00 ,,
314,40.00 ,,,7000.00 ,,,
315,30.00 ,,,4800.00 ,20.00 ,300.00 ,
316,30.00 ,,,5000.00 ,,,
317,180.00 ,,,10000.00 ,,,
318,40.00 ,,,5500.00 ,,,
319,80.00 ,,,8000.00 ,,,
320,70.00 ,,,,,,
321,50.00 ,,,4500.00 ,,,
322,60.00 ,,,,,,
323,120.00 ,,,12000.00 ,,,
324,80.00 ,,,9000.00 ,,,
325,40.00 ,,,6600.00 ,20.00 ,,
326,40.00 ,,50.00 ,,,,
327,30.00 ,10.00 ,40.00 ,3200.00 ,,,
328,,,,10000.00 ,,,
329,,,,7000.00 ,,,
330,80.00 ,,,8000.00 ,,,
331,50.00 ,10.00 ,60.00 ,4800.00 ,20.00 ,300.00 ,
332,80.00 ,,,8000.00 ,,,
333,50.00 ,,,5000.00 ,,,
334,70.00 ,,,5000.00 ,,,
335,100.00 ,,,10000.00 ,,,
336,200.00 ,,,,,,
337,120.00 ,,,12000.00 ,,,
338,150.00 ,,,10000.00 ,,,
339,80.00 ,,,8000.00 ,,,
340,200.00 ,,,10000.00 ,,,
341,50.00 ,,,,,,
342,150.00 ,,,12000.00 ,,,
343,80.00 ,,,6000.00 ,,,
344,80.00 ,,,12000.00 ,,,
345,20.00 ,,,1500.00 ,,,
346,60.00 ,,,7000.00 ,60.00 ,,
347,50.00 ,,,6000.00 ,,,
348,50.00 ,,,4500.00 ,,,
349,20.00 ,,,4800.00 ,,,
350,40.00 ,10.00 ,,5760.00 ,,,
351,30.00 ,,40.00 ,5200.00 ,,,2600.00 
352,30.00 ,,40.00 ,5400.00 ,20.00 ,300.00 ,
353,30.00 ,,,5200.00 ,,,2600.00 
354,30.00 ,,40.00 ,4000.00 ,,,
355,20.00 ,,,4800.00 ,20.00 ,,2400.00 
356,40.00 ,20.00 ,,4000.00 ,20.00 ,300.00 ,2000.00 
357,20.00 ,,,3000.00 ,0.00 ,,
358,40.00 ,,,9600.00 ,,,
359,80.00 ,,,8000.00 ,,,
360,60.00 ,,,7200.00 ,,,
361,80.00 ,,,,,,
362,120.00 ,,,12000.00 ,,,
363,120.00 ,,,,,,
364,80.00 ,,,8000.00 ,,,
365,60.00 ,,,6000.00 ,20.00 ,600.00 ,
366,90.00 ,,,,,,
367,50.00 ,,,4000.00 ,,,
368,30.00 ,,,4000.00 ,20.00 ,500.00 ,
369,100.00 ,,120.00 ,15000.00 ,20.00 ,,
370,100.00 ,50.00 ,50.00 ,5250.00 ,,,
371,180.00 ,,,10000.00 ,,,
372,50.00 ,,40.00 ,,20.00 ,,
373,20.00 ,10.00 ,,4800.00 ,,,
374,20.00 ,10.00 ,,4800.00 ,,,
375,20.00 ,10.00 ,,4800.00 ,,,
376,20.00 ,10.00 ,,4800.00 ,,,
377,20.00 ,10.00 ,,4800.00 ,,,
378,20.00 ,10.00 ,,4800.00 ,,,
379,20.00 ,10.00 ,,4800.00 ,,,
380,20.00 ,10.00 ,,4800.00 ,,,
381,40.00 ,10.00 ,,4800.00 ,,,
382,20.00 ,,,,,,
383,20.00 ,,,4800.00 ,,,
384,20.00 ,,,4800.00 ,,,
385,20.00 ,,30.00 ,,20.00 ,,
386,20.00 ,,30.00 ,,20.00 ,,
387,20.00 ,,,4800.00 ,,,
388,20.00 ,,,,,,
389,50.00 ,,,,20.00 ,,
390,80.00 ,,,,,,
391,30.00 ,,,4800.00 ,,,
392,60.00 ,,,12000.00 ,,,
393,60.00 ,,,6000.00 ,,,
394,,,,6000.00 ,,,
395,100.00 ,,,8000.00 ,,,
396,,,,4500.00 ,,,
397,160.00 ,,,12000.00 ,,,
398,80.00 ,,,10000.00 ,,,
399,120.00 ,,,8000.00 ,,,
400,100.00 ,,,7000.00 ,,,
401,20.00 ,,30.00 ,,,,
402,100.00 ,,,,,,
403,30.00 ,,,9600.00 ,20.00 ,,
404,40.00 ,,,,,,
405,120.00 ,,,12000.00 ,,,
406,150.00 ,,,10000.00 ,80.00 ,800.00 ,
407,40.00 ,20.00 ,,,,,
408,20.00 ,,,,20.00 ,,
409,100.00 ,,,10000.00 ,,,
410,30.00 ,,,7200.00 ,0.00 ,,
411,20.00 ,,,4800.00 ,20.00 ,300.00 ,2400.00 
412,100.00 ,,,,,,
413,60.00 ,20.00 ,,6500.00 ,,,
414,150.00 ,,,15000.00 ,,,
415,40.00 ,,,5000.00 ,,,
416,100.00 ,,,8000.00 ,,,
417,80.00 ,,,8000.00 ,,,
418,100.00 ,,,,,,
419,40.00 ,,60.00 ,12000.00 ,80.00 ,,
420,100.00 ,,,,,,
421,30.00 ,,,6600.00 ,20.00 ,300.00 ,
422,100.00 ,,,5000.00 ,,,
423,100.00 ,,,,,,
424,80.00 ,,,8000.00 ,20.00 ,800.00 ,
425,50.00 ,30.00 ,,4800.00 ,20.00 ,300.00 ,
426,30.00 ,,,7200.00 ,,,
427,50.00 ,,,,,,
428,30.00 ,,,7200.00 ,,,
429,40.00 ,,40.00 ,2400.00 ,,,
430,60.00 ,,,,,,
431,60.00 ,,,4500.00 ,,,
432,50.00 ,,,4500.00 ,,,
433,80.00 ,,,10000.00 ,,,
434,80.00 ,,,8000.00 ,,,
435,180.00 ,,,10000.00 ,,,
436,120.00 ,,,10000.00 ,,,
437,50.00 ,,,,,,
438,30.00 ,,50.00 ,5000.00 ,10.00 ,500.00 ,
439,80.00 ,,,8000.00 ,,,
440,60.00 ,,,12000.00 ,,1200.00 ,
441,40.00 ,,,9600.00 ,,,
442,80.00 ,,,6000.00 ,,,
443,120.00 ,,,15000.00 ,,,
444,20.00 ,,,1500.00 ,,,
445,80.00 ,,,8000.00 ,50.00 ,600.00 ,
446,50.00 ,,60.00 ,9000.00 ,,,
447,50.00 ,,,4500.00 ,20.00 ,,
448,20.00 ,,,3000.00 ,0.00 ,,
449,30.00 ,,,4320.00 ,20.00 ,300.00 ,2160.00 
450,30.00 ,10.00 ,40.00 ,4800.00 ,10.00 ,300.00 ,2400.00 
451,50.00 ,,,,,,
452,100.00 ,,,12000.00 ,,,
453,40.00 ,,,,,,
454,180.00 ,,,,,,
455,150.00 ,,,10000.00 ,,,
456,40.00 ,,,6825.00 ,,,
457,150.00 ,,,15000.00 ,,,
458,120.00 ,,,8000.00 ,,,
459,30.00 ,,,,10.00 ,,
460,100.00 ,,,,,,
461,20.00 ,,30.00 ,,,,
462,40.00 ,,,9600.00 ,,,
463,80.00 ,,,,,,
464,40.00 ,,,6000.00 ,,,
465,80.00 ,,,10000.00 ,,,
466,,,,4000.00 ,,,
467,100.00 ,,,,,,
468,80.00 ,,,8000.00 ,,,
469,20.00 ,,40.00 ,6000.00 ,,,
470,60.00 ,,,7500.00 ,,,
471,200.00 ,,,,,,
472,50.00 ,,,5000.00 ,,,
473,40.00 ,,60.00 ,8000.00 ,20.00 ,300.00 ,
474,120.00 ,,,12000.00 ,,,
475,40.00 ,,,,,,
476,50.00 ,,,,,,
477,200.00 ,,,,,,
478,,,,8000.00 ,,,
479,20.00 ,10.00 ,,2500.00 ,,,
480,60.00 ,,,,,,
481,80.00 ,,,8000.00 ,,,
482,120.00 ,,,12000.00 ,30.00 ,800.00 ,
483,20.00 ,,,1500.00 ,,,
484,80.00 ,40.00 ,,8000.00 ,,,
485,40.00 ,,,6000.00 ,,,
486,30.00 ,,,,,,
487,20.00 ,,20.00 ,,0.00 ,,
488,20.00 ,,20.00 ,,0.00 ,,
489,60.00 ,,,,,,
490,50.00 ,,,8500.00 ,,,
491,100.00 ,,,,,,
492,60.00 ,,,,30.00 ,,
493,20.00 ,,,,,,
494,50.00 ,,,10000.00 ,,,
495,150.00 ,,,10000.00 ,,,
496,,,,4000.00 ,,,
497,40.00 ,,,4920.00 ,,,
498,150.00 ,,,15000.00 ,,,
499,150.00 ,,,10000.00 ,100.00 ,,
500,20.00 ,,20.00 ,,0.00 ,,
501,80.00 ,,,6000.00 ,,,
502,30.00 ,,,5000.00 ,20.00 ,300.00 ,2500.00 
503,200.00 ,,,10000.00 ,,,
504,80.00 ,,,12000.00 ,,2000.00 ,
505,30.00 ,,,,20.00 ,,
506,100.00 ,,,5000.00 ,100.00 ,,
507,80.00 ,,,8000.00 ,,,
508,,,,4800.00 ,,300.00 ,
509,,,,,30.00 ,,
510,,,,,30.00 ,,
511,150.00 ,,,,,,
512,150.00 ,,,8000.00 ,,,
513,200.00 ,,,,,,
514,20.00 ,,,3000.00 ,,,
515,150.00 ,,,15000.00 ,,,
516,50.00 ,,,6000.00 ,,,
517,120.00 ,,,,,,
518,120.00 ,,,,,,
519,40.00 ,,,5200.00 ,,,
520,150.00 ,,,15000.00 ,,,
521,100.00 ,,,8000.00 ,,,
522,60.00 ,,,8000.00 ,,,
523,120.00 ,,,,20.00 ,,
524,20.00 ,,,4800.00 ,,,
525,30.00 ,,,4000.00 ,,,
526,30.00 ,,,,,,
527,120.00 ,,,12000.00 ,,,
528,60.00 ,,,5000.00 ,20.00 ,3000.00 ,
529,,,,2500.00 ,,,
530,30.00 ,,,5750.00 ,20.00 ,300.00 ,
531,20.00 ,10.00 ,,2500.00 ,10.00 ,300.00 ,
532,20.00 ,,,,0.00 ,,
533,30.00 ,,,4600.00 ,10.00 ,300.00 ,2300.00 
534,20.00 ,,,4200.00 ,,,
535,30.00 ,,,7200.00 ,,,
536,30.00 ,,,,,,
537,150.00 ,,,10000.00 ,,,
538,120.00 ,,,,,,
539,50.00 ,,,5000.00 ,,,
540,30.00 ,20.00 ,,3500.00 ,20.00 ,300.00 ,
541,60.00 ,,,,,,
542,20.00 ,,,,,,
543,50.00 ,,,,,,
544,100.00 ,,,10000.00 ,,,
545,150.00 ,,,15000.00 ,,,
546,20.00 ,,,3000.00 ,0.00 ,,
547,,,,,30.00 ,500.00 ,
548,120.00 ,,,12000.00 ,,,
549,80.00 ,,,,,,
550,100.00 ,10000.00 ,,,,,
551,30.00 ,,,,20.00 ,,
552,60.00 ,,,6000.00 ,,,
553,100.00 ,,,,,,
554,30.00 ,,,7200.00 ,20.00 ,2400.00 ,
555,,,,,20.00 ,1200.00 ,
556,60.00 ,,,,,,
557,,,,4000.00 ,,,
558,50.00 ,,,6000.00 ,,,
559,180.00 ,,,10000.00 ,,,
560,100.00 ,,,8000.00 ,,,
561,200.00 ,,,20000.00 ,,,
562,30.00 ,,,5000.00 ,10.00 ,300.00 ,
563,,,,3000.00 ,,,
564,100.00 ,,,10000.00 ,,,
565,30.00 ,,,4800.00 ,,,
566,30.00 ,,,4000.00 ,,,
567,90.00 ,,,,,,
568,50.00 ,,,8000.00 ,,,
569,120.00 ,,,,,,
570,30.00 ,,40.00 ,4800.00 ,,,
571,100.00 ,,,5000.00 ,,,
572,40.00 ,,,5000.00 ,,,
573,30.00 ,,,4000.00 ,,,
574,100.00 ,,,,,,
575,100.00 ,,,10000.00 ,,,
576,50.00 ,,,5000.00 ,,,
577,,,,2000.00 ,,,
578,70.00 ,,,5500.00 ,,,
579,,,,2400.00 ,,,
580,,,,5500.00 ,,500.00 ,
581,50.00 ,,,6000.00 ,,,
582,60.00 ,,,4200.00 ,10.00 ,,
583,30.00 ,,,,,,
584,20.00 ,,,4800.00 ,,,
585,200.00 ,,,,,,
586,,,,2000.00 ,,,
587,,,,3000.00 ,,,
588,100.00 ,,,6000.00 ,,,
589,,,,1000.00 ,,,
590,30.00 ,,,1500.00 ,,,
591,60.00 ,,30.00 ,5000.00 ,30.00 ,1000.00 ,
592,,,,1500.00 ,,,
593,80.00 ,,,8000.00 ,,,
594,140.00 ,,,,,,
595,100.00 ,,,12000.00 ,,,
596,,,,5500.00 ,,,
597,30.00 ,10.00 ,,3600.00 ,,,
598,80.00 ,,,9000.00 ,,,
599,40.00 ,30.00 ,,4800.00 ,10.00 ,300.00 ,
600,,,,1200.00 ,,,
601,50.00 ,,,,,,
602,80.00 ,,,8000.00 ,,,
603,20.00 ,,,4800.00 ,,,
604,,,,1500.00 ,,,
605,,,,900.00 ,,,
606,20.00 ,,,4800.00 ,,,
607,150.00 ,,,15000.00 ,,,
608,40.00 ,,,5400.00 ,10.00 ,300.00 ,
609,50.00 ,,,,30.00 ,,
610,,,,1500.00 ,,,
611,100.00 ,,,8000.00 ,,,
612,200.00 ,,,10000.00 ,,,
613,100.00 ,,,10000.00 ,,,
614,50.00 ,,,,,,
615,60.00 ,,,5000.00 ,20.00 ,,
616,40.00 ,10.00 ,,4000.00 ,20.00 ,300.00 ,
617,40.00 ,10.00 ,,4000.00 ,,,
618,80.00 ,,,10000.00 ,,,
619,60.00 ,,80.00 ,10000.00 ,,,
620,20.00 ,,,4500.00 ,20.00 ,600.00 ,
621,50.00 ,,,6000.00 ,20.00 ,,
622,,,,4500.00 ,,,
623,20.00 ,,,7200.00 ,,,
624,100.00 ,,,12000.00 ,,,
625,,,,1500.00 ,,,
626,180.00 ,,,8000.00 ,,,
627,100.00 ,,,6000.00 ,50.00 ,500.00 ,
628,80.00 ,,,8000.00 ,,,
629,,,,1500.00 ,,,
630,200.00 ,,,10000.00 ,,,
631,20.00 ,,,4800.00 ,,,
632,150.00 ,,,5000.00 ,50.00 ,,
633,100.00 ,,,10000.00 ,,,
634,80.00 ,,,8000.00 ,,,
635,,,,6000.00 ,,,
636,50.00 ,,,,,,
637,50.00 ,,,2500.00 ,,,
638,40.00 ,30.00 ,60.00 ,7200.00 ,,,3600.00 
639,30.00 ,,50.00 ,4300.00 ,,,
640,100.00 ,,,8000.00 ,,,
641,,,,6500.00 ,,,
642,,,,5500.00 ,,,
643,150.00 ,,,15000.00 ,,,
644,60.00 ,,,6000.00 ,40.00 ,800.00 ,
645,,,,4000.00 ,,,
646,40.00 ,,,9600.00 ,30.00 ,900.00 ,
647,40.00 ,10.00 ,,,,,
648,,,,4000.00 ,,,
649,80.00 ,,,12000.00 ,,,
650,100.00 ,,,6000.00 ,50.00 ,500.00 ,
651,60.00 ,,,10000.00 ,,,
652,200.00 ,,,10000.00 ,,,
653,150.00 ,,,15000.00 ,,,
654,80.00 ,,,8000.00 ,,,
655,30.00 ,,,,,,
656,50.00 ,,,6000.00 ,,,
657,100.00 ,,,8000.00 ,,,
658,40.00 ,,,,,,
659,40.00 ,,,,,,
660,80.00 ,,,,20.00 ,,
661,150.00 ,,,8000.00 ,,,
662,40.00 ,,,8000.00 ,,,
663,,,,8000.00 ,,,
664,100.00 ,,,,,,
665,80.00 ,,,9000.00 ,,,
666,50.00 ,,,,,,
667,100.00 ,,,10000.00 ,,,
668,30.00 ,10.00 ,,3500.00 ,,,
669,30.00 ,10.00 ,,3000.00 ,20.00 ,300.00 ,
670,20.00 ,10.00 ,40.00 ,2500.00 ,20.00 ,300.00 ,
671,30.00 ,,,3000.00 ,10.00 ,300.00 ,1500.00 
672,100.00 ,,,8000.00 ,,,
673,,,,3000.00 ,,,
674,150.00 ,,,15000.00 ,,,
675,120.00 ,,,12000.00 ,,,
676,,,,4500.00 ,,,
677,100.00 ,,,10000.00 ,,300.00 ,
678,160.00 ,,,,,,
679,150.00 ,,,15000.00 ,,,
680,100.00 ,,,12000.00 ,,,
681,20.00 ,,,4800.00 ,20.00 ,300.00 ,
682,,,,,20.00 ,,
683,60.00 ,,,2000.00 ,,,
684,,,,2000.00 ,,,
685,100.00 ,,,8000.00 ,,,
686,200.00 ,,,10000.00 ,,,
687,120.00 ,,,10000.00 ,,,
688,40.00 ,,,1500.00 ,,,
689,100.00 ,60.00 ,100.00 ,8000.00 ,20.00 ,1200.00 ,
690,,,,2000.00 ,,,
691,100.00 ,,,12000.00 ,100.00 ,3000.00 ,
692,100.00 ,,,8000.00 ,,,
693,,,,6500.00 ,,,
694,40.00 ,,,10000.00 ,,,
695,,,,2000.00 ,,,
696,120.00 ,,,,60.00 ,,
697,30.00 ,,50.00 ,4800.00 ,,,
698,20.00 ,,,4800.00 ,,,
699,40.00 ,30.00 ,,4500.00 ,10.00 ,600.00 ,2000.00 
700,2000.00 ,,,2000.00 ,,,
701,40.00 ,,50.00 ,4800.00 ,,,
702,20.00 ,,,4800.00 ,20.00 ,300.00 ,
703,20.00 ,,,4800.00 ,20.00 ,300.00 ,2400.00 
704,100.00 ,,,10000.00 ,,,
705,180.00 ,,,10000.00 ,,,
706,80.00 ,,,,,,
707,,,,2000.00 ,,,
708,40.00 ,20.00 ,,,,,
709,30.00 ,20.00 ,,2500.00 ,10.00 ,300.00 ,1250.00 
710,30.00 ,,,4800.00 ,10.00 ,300.00 ,2400.00 
711,20.00 ,,,4000.00 ,,,
712,,,,2925.00 ,,,
713,20.00 ,,,4800.00 ,,,
714,80.00 ,,,8000.00 ,,,
715,30.00 ,,,7200.00 ,,,
716,120.00 ,,,12000.00 ,,,
717,80.00 ,,,8000.00 ,0.00 ,,
718,,,,6000.00 ,,,
719,200.00 ,,,10000.00 ,,,
720,100.00 ,,,,,,
721,20.00 ,,,3500.00 ,10.00 ,300.00 ,1750.00 
722,30.00 ,,,7200.00 ,,,
723,60.00 ,,,,,,
724,60.00 ,,,,,,
725,30.00 ,,,4000.00 ,,,
726,10.00 ,10.00 ,60.00 ,,20.00 ,,
727,80.00 ,,,8000.00 ,,,
728,30.00 ,,,,0.00 ,,
729,40.00 ,10.00 ,50.00 ,4800.00 ,10.00 ,300.00 ,2400.00 
730,50.00 ,,,6000.00 ,,,
731,100.00 ,,,10000.00 ,,,
732,,,,5000.00 ,,,
733,70.00 ,,,,,,
734,80.00 ,,,8000.00 ,,,
735,100.00 ,,,10000.00 ,,,
736,100.00 ,,,10000.00 ,,,
737,100.00 ,,,10000.00 ,,,
738,30.00 ,20.00 ,20.00 ,4800.00 ,20.00 ,300.00 ,2400.00 
739,80.00 ,,,8000.00 ,,,
740,30.00 ,,,6500.00 ,,,
741,80.00 ,,,8000.00 ,,,
742,60.00 ,,,7200.00 ,10.00 ,300.00 ,
743,120.00 ,,,10000.00 ,,,
744,40.00 ,30.00 ,,5760.00 ,10.00 ,300.00 ,
745,20.00 ,,,4800.00 ,,,
746,100.00 ,,,10000.00 ,,,
747,,,,5200.00 ,,,
748,40.00 ,,,7000.00 ,,,
749,30.00 ,,,4200.00 ,,,
750,50.00 ,,,4500.00 ,,,
751,80.00 ,,,7000.00 ,,,
752,100.00 ,,,7000.00 ,30.00 ,600.00 ,
753,40.00 ,,,4000.00 ,,,
754,200.00 ,,,20000.00 ,,,
755,150.00 ,,,10000.00 ,30.00 ,,
756,80.00 ,,,8000.00 ,,,
757,20.00 ,,,1800.00 ,0.00 ,,
758,120.00 ,,,10000.00 ,,,
759,20.00 ,,,,,,
760,40.00 ,,,,,,
761,20.00 ,,,4800.00 ,20.00 ,300.00 ,2400.00 
762,100.00 ,,,,50.00 ,,
763,100.00 ,,,10000.00 ,,,
764,50.00 ,,,5000.00 ,,,
765,100.00 ,,,,,,
766,60.00 ,,,7000.00 ,,,
767,150.00 ,,,10000.00 ,,,
768,20.00 ,,,2800.00 ,,,
769,30.00 ,,,,,,
770,20.00 ,,,3000.00 ,0.00 ,,
771,200.00 ,,,10000.00 ,,,
772,50.00 ,,,5000.00 ,,500.00 ,
773,100.00 ,,,10000.00 ,,,
774,40.00 ,,,8000.00 ,,,
775,,,,,30.00 ,400.00 ,
776,80.00 ,,,15000.00 ,,,
777,80.00 ,,,,,,
778,100.00 ,,,10000.00 ,,,
779,120.00 ,,,,,,
780,150.00 ,,,15000.00 ,,,
781,20.00 ,,,,0.00 ,,
782,80.00 ,,,8000.00 ,,,
783,100.00 ,,,10000.00 ,,,
784,200.00 ,,,,,,
785,20.00 ,,,4700.00 ,,,
786,40.00 ,,,10000.00 ,,,
787,100.00 ,,,10000.00 ,,,
788,60.00 ,,,8000.00 ,,,
789,60.00 ,,,6000.00 ,,,
790,100.00 ,,,10000.00 ,,,
791,100.00 ,,,,,,
792,80.00 ,,,5000.00 ,,,
793,200.00 ,,,10000.00 ,,,
794,100.00 ,,,8000.00 ,,,
795,50.00 ,,,6000.00 ,,,
796,80.00 ,,,8000.00 ,,,
797,200.00 ,,,10000.00 ,,,
798,20.00 ,,20.00 ,,0.00 ,,
799,40.00 ,,,5000.00 ,20.00 ,300.00 ,
800,200.00 ,,,10000.00 ,,,
801,,,,2500.00 ,,,
802,30.00 ,,40.00 ,5200.00 ,,,
803,80.00 ,20.00 ,,7700.00 ,,,
804,50.00 ,,,5000.00 ,,,
805,100.00 ,,,10000.00 ,,,
806,100.00 ,,,,,,
807,50.00 ,30.00 ,,5760.00 ,10.00 ,300.00 ,2880.00 
808,200.00 ,,,,,,
809,20.00 ,60.00 ,,4800.00 ,20.00 ,300.00 ,2400.00 
810,30.00 ,,40.00 ,4800.00 ,20.00 ,,
811,,,,1500.00 ,,,
812,200.00 ,,,10000.00 ,,,
813,150.00 ,,,10000.00 ,,,
814,30.00 ,10.00 ,,5250.00 ,,,
815,40.00 ,,,6000.00 ,,,
816,50.00 ,,,5000.00 ,,,
817,20.00 ,20.00 ,30.00 ,3500.00 ,20.00 ,300.00 ,1750.00 
818,120.00 ,,,12000.00 ,,,
819,80.00 ,,,8000.00 ,,,
820,30.00 ,,,7200.00 ,20.00 ,,
821,120.00 ,,,12000.00 ,,,
822,20.00 ,10.00 ,,2500.00 ,20.00 ,300.00 ,
823,100.00 ,,,,,,
824,100.00 ,,,10000.00 ,,,
825,,,,3000.00 ,,,
826,100.00 ,,,8000.00 ,,,
827,100.00 ,,,,,,
828,,,,10000.00 ,,,
829,100.00 ,,,,20.00 ,400.00 ,
830,30.00 ,,40.00 ,5200.00 ,10.00 ,300.00 ,2600.00 
831,100.00 ,,,10000.00 ,,,
832,60.00 ,,,,,,
833,40.00 ,,50.00 ,4800.00 ,,,
834,30.00 ,,,4800.00 ,20.00 ,300.00 ,
835,,,,,,,
836,20.00 ,,,3000.00 ,0.00 ,,
837,150.00 ,,,15000.00 ,,,
838,180.00 ,,,8000.00 ,,,
839,100.00 ,,,8000.00 ,,,
840,80.00 ,,,5500.00 ,,,
841,20.00 ,,,,,,
842,100.00 ,,,10000.00 ,,,
843,100.00 ,,,,,,
844,30.00 ,,50.00 ,4500.00 ,,,
845,60.00 ,,,9000.00 ,,,9000.00 
846,80.00 ,,,8000.00 ,,,
847,40.00 ,,60.00 ,6000.00 ,,,
848,80.00 ,,,6000.00 ,,,
849,80.00 ,,,3000.00 ,30.00 ,400.00 ,
850,120.00 ,,,12000.00 ,,,
851,100.00 ,,,10000.00 ,,,
852,100.00 ,,,10000.00 ,,,
853,80.00 ,,,8000.00 ,10.00 ,800.00 ,
854,20.00 ,,,,0.00 ,,
855,,,,,10.00 ,450.00 ,
856,60.00 ,,,8000.00 ,,800.00 ,
857,30.00 ,,,,,,
858,40.00 ,,,,20.00 ,,
859,50.00 ,,,4000.00 ,,,
860,120.00 ,,,12000.00 ,,,
861,40.00 ,,50.00 ,4800.00 ,20.00 ,300.00 ,2400.00 
862,100.00 ,,,,,,
863,120.00 ,,,12000.00 ,,,
864,60.00 ,,,6000.00 ,,,
865,20.00 ,,,2400.00 ,10.00 ,300.00 ,
866,100.00 ,,,10000.00 ,,,
867,180.00 ,,,10000.00 ,,,
868,180.00 ,,,15000.00 ,,,
869,80.00 ,,,5000.00 ,,,
870,20.00 ,,,3000.00 ,20.00 ,,
871,120.00 ,,,6000.00 ,,,
872,50.00 ,,,8000.00 ,20.00 ,,
873,40.00 ,,60.00 ,,25.00 ,,
874,100.00 ,,,6000.00 ,,,
875,200.00 ,,,,,,
876,40.00 ,,,6000.00 ,,,
877,30.00 ,,60.00 ,,,,
878,30.00 ,,60.00 ,,,,
879,150.00 ,,,15000.00 ,,,
880,,,,3000.00 ,,,
881,100.00 ,,,10000.00 ,,,
882,40.00 ,,,5000.00 ,,,
883,50.00 ,,,10000.00 ,,,
884,30.00 ,,60.00 ,,,,
885,100.00 ,,,12000.00 ,,,
886,50.00 ,,60.00 ,6000.00 ,20.00 ,400.00 ,
887,60.00 ,,,6000.00 ,,,
888,30.00 ,,,4500.00 ,,,
889,40.00 ,,,4000.00 ,,,
890,100.00 ,,,10000.00 ,,,
891,40.00 ,20.00 ,,5200.00 ,,,
892,20.00 ,,,4000.00 ,,,
893,80.00 ,,,18000.00 ,,,
894,200.00 ,,,10000.00 ,,,
895,80.00 ,,,10000.00 ,,,
896,200.00 ,,,10000.00 ,,,
897,60.00 ,,,7000.00 ,,,
898,30.00 ,,,4800.00 ,20.00 ,300.00 ,2400.00 
899,,,,5000.00 ,,,
900,30.00 ,,40.00 ,4000.00 ,20.00 ,300.00 ,
901,30.00 ,,,4800.00 ,20.00 ,300.00 ,
902,120.00 ,,,,,,
903,60.00 ,,,8000.00 ,,,
904,,,,8000.00 ,,1000.00 ,
905,60.00 ,,,6000.00 ,,,
906,30.00 ,,50.00 ,4800.00 ,,,
907,30.00 ,,,8000.00 ,,,
908,120.00 ,,,12000.00 ,,,
909,120.00 ,,,12000.00 ,,,
910,80.00 ,,,7200.00 ,,,
911,,,,10000.00 ,,,
912,,,,8000.00 ,,,
913,80.00 ,,,9000.00 ,,1000.00 ,
914,100.00 ,,80.00 ,10000.00 ,,,
915,,,,3500.00 ,,,
916,100.00 ,,,5000.00 ,,,
917,,,,1500.00 ,,,
918,80.00 ,,,,,,
919,40.00 ,5000.00 ,,5000.00 ,,,
920,,,,1450.00 ,,,
921,160.00 ,,,,,,
922,,,,4000.00 ,,,
923,200.00 ,,,10000.00 ,,,
924,,,,4000.00 ,,,
925,180.00 ,,,5500.00 ,,,
926,100.00 ,,,10000.00 ,,,
927,100.00 ,,,10000.00 ,70.00 ,3000.00 ,8000.00 
928,60.00 ,,,5000.00 ,,,
929,30.00 ,,,,,,
930,20.00 ,,,2500.00 ,,,
931,150.00 ,,,10000.00 ,,,
932,150.00 ,,,10000.00 ,,,
933,150.00 ,,,12000.00 ,,,
934,80.00 ,,,5000.00 ,,,
935,100.00 ,,,20000.00 ,,,
936,100.00 ,,,20000.00 ,,,
937,50.00 ,,,,,,
938,30.00 ,,,3000.00 ,,,
939,,,,6500.00 ,,,
940,20.00 ,,,3840.00 ,,,
941,150.00 ,,,15000.00 ,,,
942,100.00 ,,,,,,
943,30.00 ,,,4000.00 ,,,
944,100.00 ,,,,,,
945,40.00 ,,,4000.00 ,,,
946,120.00 ,,,,,,
947,40.00 ,,,,0.00 ,,
948,40.00 ,,,4000.00 ,,,
949,100.00 ,,,10000.00 ,,,
950,150.00 ,,,12000.00 ,,,
951,100.00 ,,,10000.00 ,,,
952,80.00 ,,,10000.00 ,,,
953,150.00 ,,,10000.00 ,,,
954,,,,10000.00 ,,3000.00 ,
955,80.00 ,,,7200.00 ,,,
956,100.00 ,,,,,,
957,30.00 ,,,,20.00 ,100.00 ,
958,100.00 ,,,10000.00 ,,,
959,60.00 ,,,6000.00 ,,,
960,80.00 ,,,8000.00 ,,,
961,120.00 ,,,,,,
962,80.00 ,,,12000.00 ,,,
963,30.00 ,,,,0.00 ,,
964,80.00 ,,,8000.00 ,20.00 ,500.00 ,
965,100.00 ,,,10000.00 ,,,
966,80.00 ,,,4000.00 ,,,
967,60.00 ,,,8000.00 ,,,
968,40.00 ,20.00 ,,,,,
969,40.00 ,,,4800.00 ,,,
970,120.00 ,,,12000.00 ,,,
971,80.00 ,,,4000.00 ,,,
972,200.00 ,,,10000.00 ,,,
973,80.00 ,,,8000.00 ,,,
974,,,,2500.00 ,,,
975,40.00 ,,,7000.00 ,,,
976,40.00 ,,,7000.00 ,20.00 ,,
977,150.00 ,,,10000.00 ,,,
978,100.00 ,,,10000.00 ,,,
979,120.00 ,,,12000.00 ,,,
980,100.00 ,,,10000.00 ,,,
981,,,,6000.00 ,,,
982,30.00 ,,,3000.00 ,,,
983,,,,8000.00 ,,,
984,80.00 ,,,,,,
985,100.00 ,,,10000.00 ,20.00 ,2000.00 ,
986,100.00 ,,,10000.00 ,,,
987,30.00 ,,,4000.00 ,,,
988,,,,2000.00 ,,,
989,200.00 ,,,10000.00 ,,,
990,40.00 ,20.00 ,,4200.00 ,10.00 ,300.00 ,
991, ,,,200.00 ,,,
992,100.00 ,,,10000.00 ,,,
993,,,,15000.00 ,,1500.00 ,
994,150.00 ,,,12000.00 ,,,
995,80.00 ,,,6000.00 ,,,
996,100.00 ,,,10000.00 ,,,
997,60.00 ,,,6000.00 ,,,
998,30.00 ,,,,,,
999,120.00 ,,,10000.00 ,,,
1000,40.00 ,,,5500.00 ,,,
1001,30.00 ,,,,20.00 ,,
1002,20.00 ,,,,0.00 ,,
1003,30.00 ,,,,0.00 ,,
1004,30.00 ,,,,20.00 ,,
1005,80.00 ,,,6000.00 ,,,
1006,100.00 ,,,10000.00 ,,,
1007,100.00 ,,,10000.00 ,,,
1008,40.00 ,,,4200.00 ,20.00 ,300.00 ,
1009,60.00 ,,,,,,
1010,60.00 ,,,,,,
1011,20.00 ,,,,,,
1012,,,,,20.00 ,300.00 ,
1013,100.00 ,,,10000.00 ,,,
1014,100.00 ,,,8000.00 ,,,
1015,150.00 ,,,10000.00 ,,,
1016,150.00 ,,,10000.00 ,,,
1017,40.00 ,20.00 ,,,,,
1018,50.00 ,,,6000.00 ,,,
1019,100.00 ,,,10000.00 ,,,
1020,,,,2200.00 ,,,
1021,40.00 ,30.00 ,,,10.00 ,,
1022,50.00 ,,,7000.00 ,,,
1023,80.00 ,,,8000.00 ,,,
1024,100.00 ,,,,,,
1025,100.00 ,,,10000.00 ,,,
1026,150.00 ,,,10000.00 ,50.00 ,2000.00 ,
1027,60.00 ,,,6000.00 ,,,
1028,40.00 ,20.00 ,,,,,
1029,100.00 ,,,10000.00 ,,,
1030,20.00 ,,,,,,
1031,100.00 ,,,10000.00 ,,,
1032,100.00 ,,,,,,
1033,70.00 ,,,7000.00 ,,,
1034,120.00 ,,,10000.00 ,50.00 ,1000.00 ,
1035,100.00 ,,,10000.00 ,,,
1036,30.00 ,,,7200.00 ,0.00 ,,
1037,80.00 ,,,2000.00 ,,,
1038,90.00 ,,,6000.00 ,,,
1039,,,,1500.00 ,,,
1040,30.00 ,,40.00 ,6500.00 ,20.00 ,,
1041,,,,,20.00 ,300.00 ,
1042,80.00 ,,,,,,
1043,30.00 ,,,4000.00 ,20.00 ,800.00 ,
1044,90.00 ,,,4000.00 ,,,
1045,,,,10000.00 ,,,
1046,,,,1600.00 ,,,
1047,50.00 ,30.00 ,,7000.00 ,,,
1048,60.00 ,,,9000.00 ,,,
1049,30.00 ,,,2000.00 ,,,
1050,,,,,20.00 ,300.00 ,
1051,30.00 ,,,3500.00 ,,300.00 ,
1052,80.00 ,,,8000.00 ,,,
1053,70.00 ,20.00 ,,,,,
1054,40.00 ,,50.00 ,4800.00 ,,,
1055,,,,1800.00 ,,,
1056,120.00 ,,,12000.00 ,,,
1057,180.00 ,,,10000.00 ,,,
1058,120.00 ,,,12000.00 ,,,
1059,30.00 ,,,4000.00 ,10.00 ,300.00 ,
1060,20.00 ,,,4800.00 ,,,
1061,,,,4000.00 ,,,
1062,,,,2000.00 ,,,
1063,150.00 ,,,10000.00 ,,,
1064,,,,2000.00 ,,,
1065,100.00 ,,,10000.00 ,,,
1066,20.00 ,,,4800.00 ,,,
1067,,,,2500.00 ,,,
1068,,,,1500.00 ,,,
1069,,,,12000.00 ,,,
1070,,,,12000.00 ,,,
1071,80.00 ,,,,,,
1072,70.00 ,,,4500.00 ,,,
1073,200.00 ,,,10000.00 ,,,
1074,,,,2500.00 ,,,
1075,50.00 ,,,6000.00 ,,,
1076,,,,6000.00 ,,,
1077,100.00 ,,,,,,
1078,,,,,,800.00 ,
1079,20.00 ,,,,,,
1080,120.00 ,,,,,,
1081,150.00 ,,,10000.00 ,,,
1082,40.00 ,,,,,,
1083,70.00 ,,,6000.00 ,,,
1084,100.00 ,,,12000.00 ,,,
1085,100.00 ,,,6000.00 ,,,
1086,200.00 ,,,20000.00 ,,,
1087,80.00 ,,100.00 ,8000.00 ,,,
1088,120.00 ,,,12000.00 ,,,
1089,60.00 ,,,6000.00 ,,,
1090,100.00 ,,,10000.00 ,,,
1091,40.00 ,,,3500.00 ,,,
1092,200.00 ,,,10000.00 ,,,
1093,150.00 ,,,10000.00 ,,,
1094,80.00 ,,,12000.00 ,50.00 ,1000.00 ,
1095,100.00 ,,,,,,
1096,,,,6500.00 ,,,
1097,60.00 ,,,6000.00 ,,,
1098,60.00 ,,,6000.00 ,150.00 ,,
1099,80.00 ,,,8000.00 ,,,
1100,20.00 ,,,4200.00 ,10.00 ,300.00 ,
1101,30.00 ,,,4800.00 ,,,2400.00 
1102,40.00 ,,,4800.00 ,,,
1103,100.00 ,,,12000.00 ,10.00 ,2000.00 ,
1104,30.00 ,10.00 ,50.00 ,,,,
1105,120.00 ,,,,,,
1106,20.00 ,,,3000.00 ,0.00 ,,
1107,30.00 ,,,,,,
1108,200.00 ,,,10000.00 ,,,
1109,,,,6000.00 ,,,
1110,120.00 ,,,12000.00 ,,,
1111,20.00 ,,,4800.00 ,,,
1112,20.00 ,,,2000.00 ,,,
1113,40.00 ,,,4000.00 ,,,
1114,20.00 ,,,3600.00 ,,200.00 ,
1115,100.00 ,,,12000.00 ,,,
1116,20.00 ,,,4200.00 ,10.00 ,300.00 ,2100.00 
1117,40.00 ,,,,,,
1118,100.00 ,,,10000.00 ,,,
1119,200.00 ,,,10000.00 ,,,
1120,60.00 ,,,7200.00 ,,,
1121,20.00 ,,,,,,
1122,,,,2000.00 ,,,
1123,120.00 ,,,20000.00 ,,,
1124,,,,5000.00 ,,,
1125,80.00 ,,,,,,
1126,80.00 ,,,8000.00 ,,,
1127,50.00 ,,,,,,
1128,80.00 ,,,7200.00 ,,,
1129,120.00 ,,,12000.00 ,,,
1130,100.00 ,,,4000.00 ,,,
1131,30.00 ,,,1333.00 ,,,
1132,50.00 ,,,6000.00 ,,,
1133,80.00 ,,,8000.00 ,30.00 ,800.00 ,
1134,30.00 ,,60.00 ,5000.00 ,20.00 ,1000.00 ,
1135,30.00 ,,,,,,
1136,200.00 ,,,10000.00 ,,,
1137,100.00 ,,,10000.00 ,,,
1138,40.00 ,,,,,,
1139,,,,,,,
1140,100.00 ,,,10000.00 ,,,
1141,100.00 ,,,10000.00 ,,,
1142,150.00 ,,,12000.00 ,,,
1143,50.00 ,,,,20.00 ,,
1144,,,,2500.00 ,,,
1145,200.00 ,,,10000.00 ,,,
1146,100.00 ,,,12000.00 ,,,
1147,80.00 ,,,8000.00 ,,,
1148,,,,12000.00 ,,,
1149,150.00 ,,,10000.00 ,,,
1150,100.00 ,,,10000.00 ,,,
1151,,,,4200.00 ,,,
1152,160.00 ,,,,,,
1153,40.00 ,,,,,,
1154,50.00 ,,,5000.00 ,,,
1155,120.00 ,,,12000.00 ,,,
1156,100.00 ,,,10000.00 ,,,
1157,150.00 ,,,10000.00 ,,,
1158,150.00 ,,,10000.00 ,,,
1159,100.00 ,,,9000.00 ,,,
1160,150.00 ,,,15000.00 ,,,
1161,200.00 ,,,10000.00 ,,,
1162,30.00 ,,,,,,
1163,80.00 ,,,,,,
1164,,,,12000.00 ,,,
1165,,,,12000.00 ,,,
1166,100.00 ,,,10000.00 ,,,
1167,80.00 ,,,10000.00 ,20.00 ,,
1168,100.00 ,,,10000.00 ,,,
1169,70.00 ,,100.00 ,7200.00 ,,,
1170,,,,6000.00 ,,300.00 ,
1171,100.00 ,,,10000.00 ,,,
1172,100.00 ,,,12000.00 ,10.00 ,300.00 ,
1173,100.00 ,,,10000.00 ,,,
1174,100.00 ,,,,,,
1175,100.00 ,,,10000.00 ,,,
1176,60.00 ,,80.00 ,,,,
1177,100.00 ,,,8000.00 ,,,
1178,100.00 ,,,,20.00 ,,
1179,,,,,20.00 ,300.00 ,
1180,200.00 ,,,18000.00 ,,,
1181,,,,,10.00 ,200.00 ,
1182,40.00 ,,,3000.00 ,,,
1183,30.00 ,,,5000.00 ,10.00 ,300.00 ,2500.00 
1184,80.00 ,,,8000.00 ,,,
1185,,,,2000.00 ,0.00 ,,
1186,50.00 ,,,5000.00 ,,,
1187,150.00 ,,,10000.00 ,,,
1188,200.00 ,,,10000.00 ,,,
1189,200.00 ,,,10000.00 ,,,
1190,80.00 ,,,4000.00 ,,,
1191,120.00 ,,,12000.00 ,,1000.00 ,
1192,100.00 ,,,8000.00 ,10.00 ,300.00 ,
1193,20.00 ,,,,,,
1194,40.00 ,,,,,,
1195,30.00 ,,,,30.00 ,,
1196,50.00 ,,,5000.00 ,,,
1197,100.00 ,,,8000.00 ,,,
1198,40.00 ,,,,,,
1199,20.00 ,,,4800.00 ,,,
1200,120.00 ,,,,,,
1201,,,,12000.00 ,,,
1202,70.00 ,,,5000.00 ,,,
1203,,,,,20.00 ,,
1204,,,,,20.00 ,,
1205,80.00 ,,,8000.00 ,,,
1206,,,,7000.00 ,,,
1207,200.00 ,,,10000.00 ,,,
1208,30.00 ,,,7200.00 ,10.00 ,300.00 ,
1209,70.00 ,,,7000.00 ,,,
1210,,,,3000.00 ,,,
1211,,,,,20.00 ,600.00 ,
1212,100.00 ,,,10000.00 ,,,
1213,50.00 ,,,1000.00 ,,,
1214,70.00 ,,,5000.00 ,,,
1215,,,,,100.00 ,,
1216,120.00 ,,,,,,
1217,100.00 ,,,5500.00 ,,,
1218,30.00 ,,60.00 ,3000.00 ,30.00 ,400.00 ,
1219,150.00 ,,,10000.00 ,,,
1220,40.00 ,,,8000.00 ,,,
1221,120.00 ,,,12000.00 ,,,
1222,120.00 ,,,12000.00 ,,,
1223,,,,10000.00 ,,,
1224,100.00 ,,,10000.00 ,,,
1225,30.00 ,,,,,,
1226,80.00 ,,,8000.00 ,,,
1227,40.00 ,20.00 ,40.00 ,2000.00 ,,300.00 ,
1228,60.00 ,,,7200.00 ,,,
1229,200.00 ,,,,,,
1230,40.00 ,,,5000.00 ,,,
1231,,,,4500.00 ,,,
1232,30.00 ,,,2000.00 ,,,
1233,20.00 ,,,3000.00 ,,,2500.00 
1234,60.00 ,,,10000.00 ,30.00 ,600.00 ,
1235,100.00 ,,,,,,
1236,,,,4300.00 ,,1000.00 ,
1237,80.00 ,,,,,,
1238,,,,7000.00 ,,,
1239,200.00 ,,,,,,
1240,50.00 ,,,8500.00 ,,,
1241,,,,2000.00 ,,,
1242,60.00 ,,,6000.00 ,,,
1243,100.00 ,,,,,,
1244,80.00 ,,,16000.00 ,,,
1245,100.00 ,,,,,,
1246,40.00 ,20.00 ,,,10.00 ,,
1247,40.00 ,,60.00 ,5000.00 ,20.00 ,,
1248,60.00 ,,,1200.00 ,,,
1249,180.00 ,,,,,,
1250,150.00 ,,,,,,
1251,60.00 ,,,5000.00 ,,,
1252,,,,12000.00 ,,,
1253,180.00 ,,,6000.00 ,,,
1254,200.00 ,,,10000.00 ,50.00 ,,
1255,100.00 ,,,5000.00 ,,,
1256,30.00 ,,40.00 ,4800.00 ,20.00 ,300.00 ,
1257,40.00 ,,,4800.00 ,10.00 ,300.00 ,2400.00 
1258,20.00 ,,,1500.00 ,,,
1259,20.00 ,,,4800.00 ,,300.00 ,
1260,100.00 ,,,8000.00 ,,,
1261,,,,6000.00 ,,,
1262,100.00 ,,,3000.00 ,,,
1263,50.00 ,,,,,,
1264,60.00 ,,,6000.00 ,,,
1265,120.00 ,,,12000.00 ,,,
1266,150.00 ,,,12000.00 ,,,
1267,100.00 ,,,10000.00 ,,,
1268,,,,,,,
1269,30.00 ,,,3600.00 ,,,
1270,100.00 ,,,10000.00 ,,,
1271,80.00 ,,,,,,
1272,20.00 ,,,,0.00 ,,
1273,250.00 ,,,15000.00 ,,,
1274,100.00 ,,,10000.00 ,,,
1275,100.00 ,,,10000.00 ,20.00 ,,800.00 
1276,30.00 ,,50.00 ,,,,
1277,100.00 ,,,,,,
1278,20.00 ,,,,,,
1279,60.00 ,,,15000.00 ,,,
1280,20.00 ,,,2167.00 ,,,
1281,20.00 ,,,2167.00 ,,,
1282,100.00 ,,,10000.00 ,,,
1283,120.00 ,,,12000.00 ,,600.00 ,
1284,40.00 ,20.00 ,20.00 ,4800.00 ,10.00 ,300.00 ,
1285,60.00 ,,,8000.00 ,50.00 ,500.00 ,
1286,100.00 ,,,,,,
1287,60.00 ,,,6000.00 ,,,
1288,200.00 ,,,10000.00 ,,,
1289,100.00 ,,,10000.00 ,,,
1290,60.00 ,,,5000.00 ,,,
1291,50.00 ,,,5000.00 ,,,
1292,100.00 ,,,,,,
1293,20.00 ,,,4800.00 ,10.00 ,300.00 ,4800.00 
1294,,,,4000.00 ,,,
1295,80.00 ,,,8000.00 ,,,1500.00 
1296,,,,4800.00 ,,,
1297,30.00 ,,,4600.00 ,10.00 ,300.00 ,2300.00 
1298,90.00 ,,,6000.00 ,,,
1299,30.00 ,,,4800.00 ,,,
1300,100.00 ,,,10000.00 ,,,
1301,100.00 ,,,10000.00 ,,,
1302,100.00 ,,,8000.00 ,,,
1303,100.00 ,,,8000.00 ,,,
1304,40.00 ,20.00 ,20.00 ,4800.00 ,10.00 ,300.00 ,
1305,40.00 ,,,5000.00 ,,,
1306,50.00 ,,,,,,
1307,100.00 ,,,10000.00 ,,,
1308,60.00 ,,,6500.00 ,,,
1309,100.00 ,,,,,,
1310,,,,,30.00 ,,
1311,150.00 ,,,10000.00 ,,,
1312,,,,,10.00 ,1500.00 ,
1313,80.00 ,,,,,,
1314,20.00 ,,40.00 ,3000.00 ,,300.00 ,
1315,20.00 ,,40.00 ,3000.00 ,10.00 ,300.00 ,
1316,30.00 ,,,4800.00 ,,300.00 ,4800.00 
1317,30.00 ,,,5250.00 ,10.00 ,300.00 ,2625.00 
1318,30.00 ,,,5250.00 ,10.00 ,300.00 ,2625.00 
1319,20.00 ,,,4200.00 ,,,
1320,80.00 ,,,8000.00 ,,,
1321,100.00 ,,,10000.00 ,,,
1322,20.00 ,,,,,,
1323,20.00 ,,,,,,
1324,20.00 ,,,,0.00 ,,
1325,40.00 ,,,,,,
1326,20.00 ,,,4200.00 ,10.00 ,300.00 ,
1327,60.00 ,,,6000.00 ,,,
1328,20.00 ,,,3000.00 ,,,
1329,40.00 ,,,,,,
1330,,,,18000.00 ,,,
1331,150.00 ,,,15000.00 ,,,
1332,100.00 ,,,10000.00 ,,,
1333,,,,4000.00 ,,,
1334,100.00 ,,,3000.00 ,0.00 ,,
1335,100.00 ,,,,,,
1336,20.00 ,,,,,,
1337,50.00 ,,,,,,
1338,50.00 ,,,,,,
1339,60.00 ,,80.00 ,,40.00 ,,
1340,50.00 ,,,2500.00 ,,,
1341,30.00 ,,40.00 ,,,,
1342,,,,,0.00 ,,
1343,20.00 ,,,,,,
1344,50.00 ,20.00 ,,,,,
1345,80.00 ,,,5000.00 ,,,
1346,,,,,,,
1347,200.00 ,,,10000.00 ,,,
1348,80.00 ,,,,,,
1349,40.00 ,,,4800.00 ,,,
1350,60.00 ,,,,,,
1351,50.00 ,,,3000.00 ,,,
1352,,,,,20.00 ,,
1353,50.00 ,,,,0.00 ,,
1354,20.00 ,,,,0.00 ,,
1355,,,,,10.00 ,300.00 ,
1356,,,,8000.00 ,,,
1357,100.00 ,,,10000.00 ,,,
1358,30.00 ,,,3000.00 ,20.00 ,300.00 ,1000.00 
1359,60.00 ,,,5000.00 ,,,
1360,60.00 ,,,6000.00 ,,,
1361,40.00 ,,,4000.00 ,,,
1362,,,,,30.00 ,,
1363,200.00 ,,,10000.00 ,,,
1364,200.00 ,,,10000.00 ,,,
1365,50.00 ,,,,,,
1366,30.00 ,,,3000.00 ,10.00 ,300.00 ,
1367,100.00 ,,,10000.00 ,,,
1368,40.00 ,20.00 ,,,,,
1369,100.00 ,,,10000.00 ,,,
1370,50.00 ,,,,0.00 ,,
1371,80.00 ,,100.00 ,8000.00 ,,,
1372,60.00 ,,,6000.00 ,,,
1373,100.00 ,,,10000.00 ,,,
1374,30.00 ,,,7200.00 ,,,
1375,,,,1500.00 ,,,
1376,,,,3500.00 ,,,
1377,,,,12000.00 ,,,
1378,40.00 ,,,,,,
1379,100.00 ,,,8000.00 ,,,
1380,100.00 ,,,8000.00 ,,,
1381,100.00 ,,,10000.00 ,,,
1382,30.00 ,,,4800.00 ,10.00 ,300.00 ,
1383,150.00 ,,,10000.00 ,,,
1384,200.00 ,,,10000.00 ,,,
1385,60.00 ,,,5000.00 ,,,
1386,60.00 ,,,,,,
1387,60.00 ,,80.00 ,,,,
1388,60.00 ,,,,,,
1389,40.00 ,,,,,,
1390,120.00 ,,,12000.00 ,,,
1391,100.00 ,,,10000.00 ,,,
1392,150.00 ,,,,,,
1393,100.00 ,,,10000.00 ,,,
1394,70.00 ,,,7000.00 ,,,
1395,50.00 ,,,,,,
1396,,,,12000.00 ,,,
1397,30.00 ,,,4800.00 ,10.00 ,300.00 ,
1398,200.00 ,,,10000.00 ,,,
1399,20.00 ,,,3000.00 ,,,
1400,100.00 ,,,8000.00 ,,,
1401,100.00 ,,,8000.00 ,,,
1402,100.00 ,,,8000.00 ,,,
1403,30.00 ,,,3000.00 ,,,
1404,100.00 ,,,5000.00 ,,,
1405,50.00 ,,,,,,
1406,100.00 ,,,10000.00 ,,,
1407,100.00 ,,,8000.00 ,,,
1408,70.00 ,,,5000.00 ,,,
1409,,,,5000.00 ,,,
1410,100.00 ,,,,,,
1411,80.00 ,,,,,,
1412,20.00 ,,,4800.00 ,,,
1413,,,,4500.00 ,,,
1414,50.00 ,,,6000.00 ,,,
1415,60.00 ,,80.00 ,,,,
1416,20.00 ,,,,,,
1417,,,,,50.00 ,3000.00 ,
1418,100.00 ,,,10000.00 ,,,
1419,100.00 ,,,10000.00 ,,,
1420,60.00 ,,,4500.00 ,,,
1421,20.00 ,,,,,,
1422,80.00 ,,,8000.00 ,,,
1423,80.00 ,,,10000.00 ,,,
1424,30.00 ,,,4800.00 ,10.00 ,300.00 ,
1425,40.00 ,,,5000.00 ,,,
1426,100.00 ,,,,,,
1427,200.00 ,,,,,,
1428,30.00 ,,,4800.00 ,10.00 ,300.00 ,
1429,30.00 ,,,4800.00 ,10.00 ,300.00 ,
1430,200.00 ,,,10000.00 ,,,
1431,120.00 ,,,,,,
1432,80.00 ,,,10000.00 ,,,
1433,40.00 ,,,12000.00 ,30.00 ,1000.00 ,
1434,20.00 ,,,,,,
1435,40.00 ,,,5000.00 ,,,
1436,120.00 ,,,12000.00 ,40.00 ,500.00 ,
1437,300.00 ,,,30000.00 ,,,
1438,100.00 ,,,10000.00 ,,,
1439,120.00 ,,,12000.00 ,,,
1440,200.00 ,,,,,,
1441,40.00 ,,,4000.00 ,,,
1442,200.00 ,,,10000.00 ,,,
1443,100.00 ,,,12000.00 ,,,
1444,,,,8000.00 ,,,
1445,40.00 ,,,4000.00 ,20.00 ,,
1446,180.00 ,,,8000.00 ,,,
1447,40.00 ,,,4000.00 ,,,
1448,100.00 ,,,8000.00 ,50.00 ,600.00 ,
1449,160.00 ,,,10000.00 ,,,
1450,50.00 ,,,7000.00 ,,,
1451,100.00 ,,,8000.00 ,,,
1452,40.00 ,,,5000.00 ,20.00 ,600.00 ,
1453,40.00 ,,,,,,
1454,,,,12000.00 ,,,
1455,100.00 ,,,10000.00 ,,,
1456,200.00 ,,,10000.00 ,,,
1457,30.00 ,,40.00 ,4800.00 ,10.00 ,300.00 ,
1458,80.00 ,,,8000.00 ,,,
1459,200.00 ,,,10000.00 ,,,
1460,80.00 ,,,2000.00 ,10.00 ,500.00 ,
1461,120.00 ,,,10000.00 ,,,
1462,,,,,,,
1463,20.00 ,,20.00 ,,,,
1464,200.00 ,,,,,,
1465,,,,8000.00 ,,,
1466,40.00 ,,,3500.00 ,,,
1467,200.00 ,,,,,,
1468,,,,2400.00 ,,,
1469,,,,5000.00 ,,,
1470,40.00 ,,,5000.00 ,,,
1471,200.00 ,,,10000.00 ,,,
1472,100.00 ,,,7000.00 ,,,
1473,40.00 ,,,4000.00 ,20.00 ,,
1474,150.00 ,,,10000.00 ,50.00 ,,
1475,60.00 ,,,,,,
1476,60.00 ,,,6000.00 ,,,
1477,150.00 ,,,10000.00 ,,,
1478,200.00 ,,,,,,
1479,150.00 ,,,10000.00 ,,,
1480,70.00 ,,,5000.00 ,,,
1481,30.00 ,,,5750.00 ,,,2875.00 
1482,,,,12000.00 ,,,
1483,120.00 ,,,10000.00 ,,,
1484,150.00 ,,,15000.00 ,,,
1485,200.00 ,,,10000.00 ,,,
1486,150.00 ,,,12000.00 ,,,
1487,50.00 ,,,,,,
1488,40.00 ,,,,,,
1489,,,,,20.00 ,,
1490,80.00 ,,,5000.00 ,,,
1491,150.00 ,,,10000.00 ,,,
1492,20.00 ,,,3500.00 ,10.00 ,300.00 ,1750.00 
1493,,,,6000.00 ,,500.00 ,
1494,40.00 ,,,8000.00 ,,,
1495,20.00 ,,,3500.00 ,,,
1496,,,,5000.00 ,,,
1497,200.00 ,,,,,,
1498,,,,,20.00 ,,
1499,150.00 ,,,10000.00 ,,,
1500,,,,2000.00 ,,,
1501,150.00 ,,,10000.00 ,,,
1502,30.00 ,,,3000.00 ,,,
1503,30.00 ,,,4800.00 ,10.00 ,,
1504,60.00 ,3000.00 ,,,,,
1505,40.00 ,20.00 ,,4000.00 ,10.00 ,300.00 ,2000.00 
1506,,,,,20.00 ,,
1507,20.00 ,,50.00 ,,0.00 ,,
1508,50.00 ,,,7000.00 ,,,
1509,,,,3000.00 ,,,
1510,50.00 ,,,9000.00 ,,,
1511,50.00 ,,,,,,
1512,120.00 ,,,12000.00 ,,,
1513,60.00 ,,,,,,
1514,40.00 ,,,3000.00 ,,,
1515,40.00 ,,,5800.00 ,,,
1516,60.00 ,,,8000.00 ,25.00 ,,
1517,150.00 ,,,8000.00 ,,,
1518,100.00 ,,,10000.00 ,,,
1519,80.00 ,,,10000.00 ,,,
1520,60.00 ,,,7000.00 ,,,
1521,100.00 ,,,15000.00 ,,,
1522,120.00 ,,,12000.00 ,,,
1523,,,,,30.00 ,,
1524,120.00 ,,,12000.00 ,,,
1525,40.00 ,,,9600.00 ,,,
1526,200.00 ,,,,,,
1527,,,,5000.00 ,,,
1528,150.00 ,,,12600.00 ,,,
1529,80.00 ,,,8000.00 ,,,
1530,,,,7000.00 ,,,
1531,120.00 ,,,7000.00 ,,,
1532,100.00 ,,,5000.00 ,,,
1533,160.00 ,,,10000.00 ,,,
1534,40.00 ,,,,,,
1535,80.00 ,,,6000.00 ,,,
1536,20.00 ,,,4800.00 ,,,
1537,,,,5760.00 ,,300.00 ,
1538,80.00 ,,,8000.00 ,,,
1539,60.00 ,,,5800.00 ,10.00 ,500.00 ,
1540,,,,6000.00 ,,,
1541,80.00 ,,,8000.00 ,,,
1542,50.00 ,,,5000.00 ,,,
1543,50.00 ,,,,0.00 ,,
1544,200.00 ,,,10000.00 ,,,
1545,120.00 ,,,12000.00 ,,,
1546,120.00 ,,,15000.00 ,,,
1547,,,,8000.00 ,,,
1548,,,,3900.00 ,,1000.00 ,
1549,,,,5000.00 ,,,
1550,60.00 ,,70.00 ,9600.00 ,20.00 ,600.00 ,
1551,60.00 ,,,5000.00 ,,,
1552,,,,,10.00 ,500.00 ,
1553,100.00 ,,,10000.00 ,,,
1554,100.00 ,,,10000.00 ,,,
1555,80.00 ,,100.00 ,5000.00 ,,,
1556,90.00 ,,,8000.00 ,50.00 ,,
1557,,,,8000.00 ,,,
1558,60.00 ,,,6000.00 ,,,
1559,200.00 ,,,10000.00 ,,,
1560,100.00 ,,,4000.00 ,,,
1561,80.00 ,,,7000.00 ,,,
1562,180.00 ,,,12000.00 ,,,
1563,30.00 ,15.00 ,,5700.00 ,,,
1564,60.00 ,,,7000.00 ,,,
1565,30.00 ,,,4200.00 ,20.00 ,,
1566,20.00 ,,,3000.00 ,,,
1567,120.00 ,,,,,,
1568,20.00 ,,,3000.00 ,0.00 ,,
1569,200.00 ,,,10000.00 ,,,
1570,100.00 ,,,,,,
1571,200.00 ,,,10000.00 ,,,
1572,200.00 ,,,10000.00 ,,,
1573,200.00 ,,,10000.00 ,,,
1574,60.00 ,,,7000.00 ,,,
1575,100.00 ,,,10000.00 ,,,
1576,200.00 ,,,,,,
1577,150.00 ,,,8000.00 ,,,
1578,60.00 ,,,5000.00 ,,,
1579,100.00 ,,,10000.00 ,,,
1580,200.00 ,,,,,,
1581,100.00 ,,,10000.00 ,,,
1582,120.00 ,,,7000.00 ,,,
1583,,,,2200.00 ,,,
1584,,,,,50.00 ,5000.00 ,
1585,200.00 ,,,10000.00 ,,,
1586,20.00 ,,,3000.00 ,,,
1587,200.00 ,,,10000.00 ,,,
1588,,,,10000.00 ,,,
1589,100.00 ,,,10000.00 ,,,
1590,100.00 ,,,12000.00 ,,,
1591,150.00 ,,,15000.00 ,,,
1592,100.00 ,,,10000.00 ,,,
1593,50.00 ,,,,0.00 ,,
1594,180.00 ,,,15000.00 ,,,
1595,60.00 ,,,14400.00 ,60.00 ,1800.00 ,
1596,50.00 ,,,6000.00 ,,,
1597,,,,1500.00 ,,,
1598,150.00 ,,,6000.00 ,,,
1599,100.00 ,,,10000.00 ,,,
1600,80.00 ,,,8000.00 ,,,
1601,150.00 ,,,15000.00 ,,,
1602,160.00 ,,,,,,
1603,100.00 ,,,8000.00 ,,,
1604,60.00 ,,,6000.00 ,,,
1605,100.00 ,,,8000.00 ,30.00 ,,
1606,100.00 ,,,8000.00 ,,,
1607,180.00 ,,,10000.00 ,,,
1608,80.00 ,,,8000.00 ,,,
1609,200.00 ,,,10000.00 ,,,
1610,40.00 ,10.00 ,,,0.00 ,,
1611,40.00 ,,,6000.00 ,,,
1612,50.00 ,10.00 ,60.00 ,4000.00 ,10.00 ,300.00 ,2000.00 
1613,60.00 ,,,5000.00 ,,,
1614,,,,,20.00 ,,
1615,120.00 ,,,,,,
1616,120.00 ,,,,,,
1617,100.00 ,,,10000.00 ,,,
1618,150.00 ,,,15000.00 ,,,
1619,250.00 ,,,15000.00 ,,,
1620,120.00 ,,,,,,
1621,150.00 ,,,10000.00 ,,,
1622,120.00 ,,,8000.00 ,,,
1623,150.00 ,,,15000.00 ,,,
1624,60.00 ,,,8000.00 ,,,
1625,100.00 ,,,10000.00 ,,,
1626,100.00 ,,,10000.00 ,,,
1627,200.00 ,,,,30.00 ,,
1628,,,,10000.00 ,,,
1629,150.00 ,,,10000.00 ,,,
1630,60.00 ,30.00 ,,,,,
1631,100.00 ,,,8000.00 ,,,
1632,180.00 ,,,10000.00 ,,,
1633,200.00 ,,,10000.00 ,,,
1634,100.00 ,,,10000.00 ,,,
1635,250.00 ,,,15000.00 ,,,
1636,150.00 ,,,12000.00 ,,,
1637,,,,,,3000.00 ,
1638,,,,,,900.00 ,
1639,50.00 ,,,,,,
1640,50.00 ,,,4500.00 ,,,
1641,150.00 ,,,15000.00 ,,,
1642,80.00 ,,,,,,
1643,180.00 ,,,10000.00 ,120.00 ,1500.00 ,
1644,200.00 ,,,,,,
1645,70.00 ,,,,,,
1646,20.00 ,,,,0.00 ,,
1647,200.00 ,,,,,,
1648,,,,,20.00 ,,
1649,60.00 ,,,6000.00 ,,,
1650,20.00 ,,,4200.00 ,10.00 ,300.00 ,2100.00 
1651,30.00 ,,,,0.00 ,,
1652,30.00 ,,,4800.00 ,10.00 ,300.00 ,2400.00 
1653,80.00 ,,,3500.00 ,,,
1654,80.00 ,,,8000.00 ,,,
1655,180.00 ,,,10000.00 ,,,
1656,,,,4000.00 ,,,
1657,50.00 ,,,,,,
1658,120.00 ,,,12000.00 ,,,
1659,100.00 ,,,12000.00 ,,,
1660,30.00 ,,,7200.00 ,10.00 ,300.00 ,
1661,120.00 ,,,12000.00 ,,,
1662,100.00 ,,,10000.00 ,,,
1663,100.00 ,,,12000.00 ,,,
1664,200.00 ,,,10000.00 ,,,
1665,50.00 ,,,4800.00 ,,,
1666,60.00 ,,,8000.00 ,,,
1667,30.00 ,,,4800.00 ,10.00 ,300.00 ,2400.00 
1668,20.00 ,,,,0.00 ,,
1669,180.00 ,,,10000.00 ,,,
1670,200.00 ,,,10000.00 ,,,
1671,,,,5300.00 ,,,
1672,200.00 ,,,10000.00 ,,,
1673,40.00 ,,,,20.00 ,,
1674,150.00 ,,,10000.00 ,,,
1675,50.00 ,10.00 ,,5760.00 ,10.00 ,300.00 ,
1676,50.00 ,,,6000.00 ,,,
1677,50.00 ,,,6000.00 ,,,
1678,150.00 ,,,10000.00 ,,,
1679,50.00 ,,,,,,
1680,50.00 ,,,,,,
1681,,,,6000.00 ,,,
1682,150.00 ,,,10000.00 ,,,
1683,30.00 ,,,,,,
1684,30.00 ,,,,,,
1685,20.00 ,,,,,,
1686,,,,6500.00 ,,,
1687,30.00 ,,,,,,
1688,100.00 ,,,,,,
1689,20.00 ,,,4200.00 ,10.00 ,300.00 ,
1690,160.00 ,,,,,,
1691,150.00 ,,,12000.00 ,10.00 ,4800.00 ,
1692,200.00 ,,,10000.00 ,,,
1693,200.00 ,,,10000.00 ,,,
1694,,,,4200.00 ,,,
1695,200.00 ,,,10000.00 ,100.00 ,1000.00 ,
1696,50.00 ,,,4000.00 ,,,
1697,200.00 ,,,10000.00 ,,,
1698,100.00 ,,,10000.00 ,,,
1699,200.00 ,,,10000.00 ,,,
1700,80.00 ,,,5000.00 ,,,
1701,80.00 ,,,,,,
1702,,,,2000.00 ,,,
1703,200.00 ,,,10000.00 ,,,
1704,20.00 ,,,,,,
1705,120.00 ,,,12000.00 ,,,
1706,,,,10000.00 ,,,
1707,,,,10000.00 ,,,
1708,60.00 ,,,5000.00 ,,,
1709,120.00 ,,,12000.00 ,,,
1710,150.00 ,,,10000.00 ,,,
1711,200.00 ,,,10000.00 ,,,